1,1,2023-12-25,2023-12-26
2,1,2024-12-26,2024-12-27
3,2,2023-12-26,2023-12-27
4,2,2025-01-01,2025-01-02
5,3,2024-01-01,2024-01-02
6,3,2024-03-31,2024-04-01
7,4,2024-03-31,2024-04-01
8,4,2025-04-20,2025-04-21
10,5,2024-04-01,2024-04-02
11,5,2025-08-15,2025-08-16
12,6,2024-08-15,2024-08-16
13,6,2025-12-25,2025-12-26
14,7,2024-12-25,2024-12-26
15,8,2023-12-25,2023-12-26
16,8,2024-12-25,2024-12-26
17,8,2025-12-25,2025-12-26
18,9,2023-12-26,2023-12-27
19,9,2024-12-26,2024-12-27
20,10,2024-01-01,2024-01-02
21,10,2025-01-01,2025-01-02
22,11,2024-03-31,2024-04-01
23,11,2025-04-20,2025-04-21
24,12,2024-08-15,2024-08-16
25,12,2025-08-15,2025-08-16
26,13,2024-08-15,2024-08-16
27,13,2025-08-15,2025-08-16
9,4,2023-09-02,2023-09-10
28,1,2023-10-09,2023-10-10
29,4,2023-10-12,2023-10-14